note,civ_date,weekday,heb_date,shachris,shema,mincha,maariv,candles,ending
New Year's Day,2026/01/01,Thu,12 Teves,7:45 AM,9:45 AM,4:55 PM,after Mincha,,
,2026/01/02,Fri,13 Teves,7:45 AM,9:45 AM,4:55 PM,after Kabbalas Shabbos,4:44 PM,
,2026/01/03,Sat,14 Teves,10:00 AM,9:46 AM,4:30 PM,5:45 PM,,5:46 PM
,2026/01/04,Sun,15 Teves,7:45 AM,9:46 AM,5:00 PM,after Mincha,,
,2026/01/05,Mon,16 Teves,7:45 AM,9:46 AM,,8:00 PM,,
,2026/01/06,Tue,17 Teves,7:45 AM,9:46 AM,,8:00 PM,,
,2026/01/07,Wed,18 Teves,7:45 AM,9:47 AM,,8:00 PM,,
,2026/01/08,Thu,19 Teves,7:45 AM,9:47 AM,,8:00 PM,,
,2026/01/09,Fri,20 Teves,7:45 AM,9:47 AM,5:00 PM,after Kabbalas Shabbos,4:51 PM,
,2026/01/10,Sat,21 Teves,10:00 AM,9:47 AM,4:35 PM,5:50 PM,,5:52 PM
,2026/01/11,Sun,22 Teves,7:45 AM,9:47 AM,5:05 PM,after Mincha,,
,2026/01/12,Mon,23 Teves,7:45 AM,9:47 AM,,8:00 PM,,
,2026/01/13,Tue,24 Teves,7:45 AM,9:47 AM,,8:00 PM,,
,2026/01/14,Wed,25 Teves,7:45 AM,9:47 AM,,8:00 PM,,
,2026/01/15,Thu,26 Teves,7:45 AM,9:47 AM,,8:00 PM,,
,2026/01/16,Fri,27 Teves,7:45 AM,9:47 AM,5:05 PM,after Kabbalas Shabbos,4:58 PM,
,2026/01/17,Sat,28 Teves,10:00 AM,9:47 AM,4:45 PM,6:00 PM,,5:58 PM
,2026/01/18,Sun,29 Teves,7:45 AM,9:47 AM,5:15 PM,after Mincha,,
Martin Luther King Jr. Day,2026/01/19,Mon,1 Shevat,7:45 AM,9:47 AM,5:15 PM,after Mincha,,
,2026/01/20,Tue,2 Shevat,7:45 AM,9:47 AM,,8:00 PM,,
,2026/01/21,Wed,3 Shevat,7:45 AM,9:47 AM,,8:00 PM,,
,2026/01/22,Thu,4 Shevat,7:45 AM,9:47 AM,,8:00 PM,,
,2026/01/23,Fri,5 Shevat,7:45 AM,9:47 AM,5:15 PM,after Kabbalas Shabbos,5:05 PM,
,2026/01/24,Sat,6 Shevat,10:00 AM,9:47 AM,4:50 PM,6:05 PM,,6:05 PM
,2026/01/25,Sun,7 Shevat,7:45 AM,9:46 AM,5:20 PM,after Mincha,,
,2026/01/26,Mon,8 Shevat,7:45 AM,9:46 AM,,8:00 PM,,
,2026/01/27,Tue,9 Shevat,7:45 AM,9:46 AM,,8:00 PM,,
,2026/01/28,Wed,10 Shevat,7:45 AM,9:46 AM,,8:00 PM,,
,2026/01/29,Thu,11 Shevat,7:45 AM,9:45 AM,,8:00 PM,,
,2026/01/30,Fri,12 Shevat,7:45 AM,9:45 AM,5:20 PM,after Kabbalas Shabbos,5:13 PM,
,2026/01/31,Sat,13 Shevat,10:00 AM,9:45 AM,5:00 PM,6:15 PM,,6:13 PM
,2026/02/01,Sun,14 Shevat,7:45 AM,9:44 AM,5:30 PM,after Mincha,,
,2026/02/02,Mon,15 Shevat,7:45 AM,9:44 AM,,8:00 PM,,
,2026/02/03,Tue,16 Shevat,7:45 AM,9:44 AM,,8:00 PM,,
,2026/02/04,Wed,17 Shevat,7:45 AM,9:43 AM,,8:00 PM,,
,2026/02/05,Thu,18 Shevat,7:45 AM,9:43 AM,,8:00 PM,,
,2026/02/06,Fri,19 Shevat,7:45 AM,9:42 AM,5:30 PM,after Kabbalas Shabbos,5:20 PM,
,2026/02/07,Sat,20 Shevat,10:00 AM,9:42 AM,5:05 PM,6:20 PM,,6:20 PM
,2026/02/08,Sun,21 Shevat,7:45 AM,9:42 AM,5:35 PM,after Mincha,,
,2026/02/09,Mon,22 Shevat,7:45 AM,9:41 AM,,8:00 PM,,
,2026/02/10,Tue,23 Shevat,7:45 AM,9:41 AM,,8:00 PM,,
,2026/02/11,Wed,24 Shevat,7:45 AM,9:40 AM,,8:00 PM,,
,2026/02/12,Thu,25 Shevat,7:45 AM,9:39 AM,,8:00 PM,,
,2026/02/13,Fri,26 Shevat,7:45 AM,9:39 AM,5:35 PM,after Kabbalas Shabbos,5:28 PM,
,2026/02/14,Sat,27 Shevat,10:00 AM,9:38 AM,5:15 PM,6:25 PM,,6:27 PM
,2026/02/15,Sun,28 Shevat,7:45 AM,9:38 AM,5:45 PM,after Mincha,,
Presidents' Day,2026/02/16,Mon,29 Shevat,7:45 AM,9:37 AM,5:45 PM,after Mincha,,
,2026/02/17,Tue,30 Shevat,7:45 AM,9:36 AM,,8:00 PM,,
,2026/02/18,Wed,1 Adar,7:45 AM,9:36 AM,,8:00 PM,,
,2026/02/19,Thu,2 Adar,7:45 AM,9:35 AM,,8:00 PM,,
,2026/02/20,Fri,3 Adar,7:45 AM,9:34 AM,5:45 PM,after Kabbalas Shabbos,5:35 PM,
,2026/02/21,Sat,4 Adar,10:00 AM,9:34 AM,5:20 PM,6:35 PM,,6:34 PM
,2026/02/22,Sun,5 Adar,7:45 AM,9:33 AM,5:50 PM,after Mincha,,
,2026/02/23,Mon,6 Adar,7:45 AM,9:32 AM,,8:00 PM,,
,2026/02/24,Tue,7 Adar,7:45 AM,9:32 AM,,8:00 PM,,
,2026/02/25,Wed,8 Adar,7:45 AM,9:31 AM,,8:00 PM,,
,2026/02/26,Thu,9 Adar,7:45 AM,9:30 AM,,8:00 PM,,
,2026/02/27,Fri,10 Adar,7:45 AM,9:29 AM,5:50 PM,after Kabbalas Shabbos,5:43 PM,
,2026/02/28,Sat,11 Adar,10:00 AM,9:29 AM,5:30 PM,6:40 PM,,6:40 PM
,2026/03/01,Sun,12 Adar,7:45 AM,9:28 AM,6:00 PM,after Mincha,,
Taanis Esther,2026/03/02,Mon,13 Adar,7:45 AM,9:27 AM,,8:00 PM,,6:30 PM
,2026/03/03,Tue,14 Adar,7:45 AM,9:26 AM,,8:00 PM,,
,2026/03/04,Wed,15 Adar,7:45 AM,9:25 AM,,8:00 PM,,
,2026/03/05,Thu,16 Adar,7:45 AM,9:25 AM,,8:00 PM,,
,2026/03/06,Fri,17 Adar,7:45 AM,9:24 AM,6:00 PM,after Kabbalas Shabbos,5:49 PM,
,2026/03/07,Sat,18 Adar,10:00 AM,9:23 AM,5:35 PM,6:45 PM,,6:47 PM
,2026/03/08,Sun,19 Adar,7:45 AM,10:22 AM,7:00 PM,after Mincha,,
,2026/03/09,Mon,20 Adar,7:45 AM,10:21 AM,7:00 PM,after Mincha,,
,2026/03/10,Tue,21 Adar,7:45 AM,10:20 AM,7:00 PM,after Mincha,,
,2026/03/11,Wed,22 Adar,7:45 AM,10:20 AM,7:00 PM,after Mincha,,
,2026/03/12,Thu,23 Adar,7:45 AM,10:19 AM,7:00 PM,after Mincha,,
,2026/03/13,Fri,24 Adar,7:45 AM,10:18 AM,7:05 PM,after Kabbalas Shabbos,6:56 PM,
,2026/03/14,Sat,25 Adar,10:00 AM,10:17 AM,6:40 PM,7:55 PM,,7:54 PM
,2026/03/15,Sun,26 Adar,7:45 AM,10:16 AM,7:05 PM,after Mincha,,
,2026/03/16,Mon,27 Adar,7:45 AM,10:15 AM,7:05 PM,after Mincha,,
,2026/03/17,Tue,28 Adar,7:45 AM,10:14 AM,7:05 PM,after Mincha,,
,2026/03/18,Wed,29 Adar,7:45 AM,10:13 AM,7:05 PM,after Mincha,,
,2026/03/19,Thu,1 Nissan,7:45 AM,10:12 AM,7:05 PM,after Mincha,,
,2026/03/20,Fri,2 Nissan,7:45 AM,10:12 AM,7:10 PM,after Kabbalas Shabbos,7:03 PM,
,2026/03/21,Sat,3 Nissan,10:00 AM,10:11 AM,6:50 PM,8:00 PM,,8:00 PM
,2026/03/22,Sun,4 Nissan,7:45 AM,10:10 AM,7:10 PM,after Mincha,,
,2026/03/23,Mon,5 Nissan,7:45 AM,10:09 AM,7:10 PM,after Mincha,,
,2026/03/24,Tue,6 Nissan,7:45 AM,10:08 AM,7:10 PM,after Mincha,,
,2026/03/25,Wed,7 Nissan,7:45 AM,10:07 AM,7:10 PM,after Mincha,,
,2026/03/26,Thu,8 Nissan,7:45 AM,10:06 AM,7:10 PM,after Mincha,,
,2026/03/27,Fri,9 Nissan,7:45 AM,10:05 AM,7:20 PM,after Kabbalas Shabbos,7:09 PM,
,2026/03/28,Sat,10 Nissan,10:00 AM,10:04 AM,6:55 PM,8:05 PM,,8:07 PM
,2026/03/29,Sun,11 Nissan,7:45 AM,10:03 AM,7:20 PM,after Mincha,,
,2026/03/30,Mon,12 Nissan,7:45 AM,10:02 AM,7:20 PM,after Mincha,,
,2026/03/31,Tue,13 Nissan,7:45 AM,10:02 AM,7:20 PM,after Mincha,,
,2026/04/01,Wed,14 Nissan,7:45 AM,10:01 AM,7:20 PM,after Mincha,7:13 PM,
Pesach,2026/04/02,Thu,15 Nissan,10:00 AM,10:00 AM,7:20 PM,after Mincha,after  8:12 PM,
Pesach,2026/04/03,Fri,16 Nissan,10:00 AM,9:59 AM,7:25 PM,after Kabbalas Shabbos,7:15 PM,
Chol Hamoed Pesach,2026/04/04,Sat,17 Nissan,10:00 AM,9:58 AM,7:00 PM,8:15 PM,,8:14 PM
Chol Hamoed Pesach,2026/04/05,Sun,18 Nissan,7:45 AM,9:57 AM,7:25 PM,after Mincha,,
Chol Hamoed Pesach,2026/04/06,Mon,19 Nissan,7:45 AM,9:56 AM,7:25 PM,after Mincha,,
Chol Hamoed Pesach,2026/04/07,Tue,20 Nissan,7:45 AM,9:55 AM,7:25 PM,after Mincha,7:19 PM,
Pesach,2026/04/08,Wed,21 Nissan,10:00 AM,9:55 AM,7:25 PM,after Mincha,after  8:17 PM,
Pesach,2026/04/09,Thu,22 Nissan,10:00 AM,9:54 AM,7:25 PM,after Mincha,,8:18 PM
,2026/04/10,Fri,23 Nissan,7:45 AM,9:53 AM,7:30 PM,after Kabbalas Shabbos,7:21 PM,
,2026/04/11,Sat,24 Nissan,10:00 AM,9:52 AM,7:05 PM,8:20 PM,,8:20 PM
,2026/04/12,Sun,25 Nissan,7:45 AM,9:51 AM,7:30 PM,after Mincha,,
,2026/04/13,Mon,26 Nissan,7:45 AM,9:50 AM,7:30 PM,after Mincha,,
,2026/04/14,Tue,27 Nissan,7:45 AM,9:49 AM,7:30 PM,after Mincha,,
,2026/04/15,Wed,28 Nissan,7:45 AM,9:49 AM,7:30 PM,after Mincha,,
,2026/04/16,Thu,29 Nissan,7:45 AM,9:48 AM,7:30 PM,after Mincha,,
,2026/04/17,Fri,30 Nissan,7:45 AM,9:47 AM,6:15 PM,after Kabbalas Shabbos,7:28 PM,
,2026/04/18,Sat,1 Iyar,10:00 AM,9:46 AM,7:15 PM,8:25 PM,,8:27 PM
,2026/04/19,Sun,2 Iyar,7:45 AM,9:45 AM,7:35 PM,after Mincha,,
,2026/04/20,Mon,3 Iyar,7:45 AM,9:45 AM,7:35 PM,after Mincha,,
,2026/04/21,Tue,4 Iyar,7:45 AM,9:44 AM,7:35 PM,after Mincha,,
,2026/04/22,Wed,5 Iyar,7:45 AM,9:43 AM,7:35 PM,after Mincha,,
,2026/04/23,Thu,6 Iyar,7:45 AM,9:42 AM,7:35 PM,after Mincha,,
,2026/04/24,Fri,7 Iyar,7:45 AM,9:42 AM,6:20 PM,after Kabbalas Shabbos,7:34 PM,
,2026/04/25,Sat,8 Iyar,10:00 AM,9:41 AM,7:20 PM,8:35 PM,,8:35 PM
,2026/04/26,Sun,9 Iyar,7:45 AM,9:40 AM,7:45 PM,after Mincha,,
,2026/04/27,Mon,10 Iyar,7:45 AM,9:40 AM,7:45 PM,after Mincha,,
,2026/04/28,Tue,11 Iyar,7:45 AM,9:39 AM,7:45 PM,after Mincha,,
,2026/04/29,Wed,12 Iyar,7:45 AM,9:38 AM,7:45 PM,after Mincha,,
,2026/04/30,Thu,13 Iyar,7:45 AM,9:38 AM,7:45 PM,after Mincha,,
,2026/05/01,Fri,14 Iyar,7:45 AM,9:37 AM,6:25 PM,after Kabbalas Shabbos,7:41 PM,
,2026/05/02,Sat,15 Iyar,10:00 AM,9:36 AM,7:25 PM,8:40 PM,,8:42 PM
,2026/05/03,Sun,16 Iyar,7:45 AM,9:36 AM,7:50 PM,after Mincha,,
,2026/05/04,Mon,17 Iyar,7:45 AM,9:35 AM,7:50 PM,after Mincha,,
,2026/05/05,Tue,18 Iyar,7:45 AM,9:35 AM,7:50 PM,after Mincha,,
,2026/05/06,Wed,19 Iyar,7:45 AM,9:34 AM,7:50 PM,after Mincha,,
,2026/05/07,Thu,20 Iyar,7:45 AM,9:33 AM,7:50 PM,after Mincha,,
,2026/05/08,Fri,21 Iyar,7:45 AM,9:33 AM,6:30 PM,after Kabbalas Shabbos,7:47 PM,
,2026/05/09,Sat,22 Iyar,10:00 AM,9:32 AM,7:30 PM,8:50 PM,,8:49 PM
,2026/05/10,Sun,23 Iyar,7:45 AM,9:32 AM,7:55 PM,after Mincha,,
,2026/05/11,Mon,24 Iyar,7:45 AM,9:31 AM,7:55 PM,after Mincha,,
,2026/05/12,Tue,25 Iyar,7:45 AM,9:31 AM,7:55 PM,after Mincha,,
,2026/05/13,Wed,26 Iyar,7:45 AM,9:30 AM,7:55 PM,after Mincha,,
,2026/05/14,Thu,27 Iyar,7:45 AM,9:30 AM,7:55 PM,after Mincha,,
,2026/05/15,Fri,28 Iyar,7:45 AM,9:30 AM,6:35 PM,after Kabbalas Shabbos,7:53 PM,
,2026/05/16,Sat,29 Iyar,10:00 AM,9:29 AM,7:40 PM,8:55 PM,,8:56 PM
,2026/05/17,Sun,1 Sivan,7:45 AM,9:29 AM,8:00 PM,after Mincha,,
,2026/05/18,Mon,2 Sivan,7:45 AM,9:28 AM,8:00 PM,after Mincha,,
,2026/05/19,Tue,3 Sivan,7:45 AM,9:28 AM,8:00 PM,after Mincha,,
,2026/05/20,Wed,4 Sivan,7:45 AM,9:28 AM,8:00 PM,after Mincha,,
,2026/05/21,Thu,5 Sivan,7:45 AM,9:27 AM,8:00 PM,after Mincha,7:58 PM,
Shavuos,2026/05/22,Fri,6 Sivan,10:00 AM,9:27 AM,6:40 PM,after Kabbalas Shabbos,7:59 PM,
Shavuos,2026/05/23,Sat,7 Sivan,10:00 AM,9:27 AM,7:45 PM,9:05 PM,,9:03 PM
,2026/05/24,Sun,8 Sivan,7:45 AM,9:27 AM,8:10 PM,after Mincha,,
Memorial Day,2026/05/25,Mon,9 Sivan,7:45 AM,9:26 AM,8:10 PM,after Mincha,,
,2026/05/26,Tue,10 Sivan,7:45 AM,9:26 AM,8:10 PM,after Mincha,,
,2026/05/27,Wed,11 Sivan,7:45 AM,9:26 AM,8:10 PM,after Mincha,,
,2026/05/28,Thu,12 Sivan,7:45 AM,9:26 AM,8:10 PM,after Mincha,,
,2026/05/29,Fri,13 Sivan,7:45 AM,9:26 AM,6:40 PM,after Kabbalas Shabbos,8:04 PM,
,2026/05/30,Sat,14 Sivan,10:00 AM,9:25 AM,7:50 PM,9:10 PM,,9:08 PM
,2026/05/31,Sun,15 Sivan,7:45 AM,9:25 AM,8:15 PM,after Mincha,,
,2026/06/01,Mon,16 Sivan,7:45 AM,9:25 AM,8:15 PM,after Mincha,,
,2026/06/02,Tue,17 Sivan,7:45 AM,9:25 AM,8:15 PM,after Mincha,,
,2026/06/03,Wed,18 Sivan,7:45 AM,9:25 AM,8:15 PM,after Mincha,,
,2026/06/04,Thu,19 Sivan,7:45 AM,9:25 AM,8:15 PM,after Mincha,,
,2026/06/05,Fri,20 Sivan,7:45 AM,9:25 AM,6:45 PM,after Kabbalas Shabbos,8:08 PM,
,2026/06/06,Sat,21 Sivan,10:00 AM,9:25 AM,7:55 PM,9:15 PM,,9:13 PM
,2026/06/07,Sun,22 Sivan,7:45 AM,9:25 AM,8:15 PM,after Mincha,,
,2026/06/08,Mon,23 Sivan,7:45 AM,9:25 AM,8:15 PM,after Mincha,,
,2026/06/09,Tue,24 Sivan,7:45 AM,9:25 AM,8:15 PM,after Mincha,,
,2026/06/10,Wed,25 Sivan,7:45 AM,9:25 AM,8:15 PM,after Mincha,,
,2026/06/11,Thu,26 Sivan,7:45 AM,9:25 AM,8:15 PM,after Mincha,,
,2026/06/12,Fri,27 Sivan,7:45 AM,9:25 AM,6:50 PM,after Kabbalas Shabbos,8:12 PM,
,2026/06/13,Sat,28 Sivan,10:00 AM,9:25 AM,7:55 PM,9:15 PM,,9:17 PM
,2026/06/14,Sun,29 Sivan,7:45 AM,9:25 AM,8:20 PM,after Mincha,,
,2026/06/15,Mon,30 Sivan,7:45 AM,9:25 AM,8:20 PM,after Mincha,,
,2026/06/16,Tue,1 Tammuz,7:45 AM,9:25 AM,8:20 PM,after Mincha,,
,2026/06/17,Wed,2 Tammuz,7:45 AM,9:26 AM,8:20 PM,after Mincha,,
,2026/06/18,Thu,3 Tammuz,7:45 AM,9:26 AM,8:20 PM,after Mincha,,
,2026/06/19,Fri,4 Tammuz,7:45 AM,9:26 AM,6:50 PM,after Kabbalas Shabbos,8:14 PM,
,2026/06/20,Sat,5 Tammuz,10:00 AM,9:26 AM,8:00 PM,9:20 PM,,9:20 PM
,2026/06/21,Sun,6 Tammuz,7:45 AM,9:26 AM,8:25 PM,after Mincha,,
,2026/06/22,Mon,7 Tammuz,7:45 AM,9:27 AM,8:25 PM,after Mincha,,
,2026/06/23,Tue,8 Tammuz,7:45 AM,9:27 AM,8:25 PM,after Mincha,,
,2026/06/24,Wed,9 Tammuz,7:45 AM,9:27 AM,8:25 PM,after Mincha,,
,2026/06/25,Thu,10 Tammuz,7:45 AM,9:27 AM,8:25 PM,after Mincha,,
,2026/06/26,Fri,11 Tammuz,7:45 AM,9:28 AM,6:50 PM,after Kabbalas Shabbos,8:16 PM,
,2026/06/27,Sat,12 Tammuz,10:00 AM,9:28 AM,8:00 PM,9:20 PM,,9:20 PM
,2026/06/28,Sun,13 Tammuz,7:45 AM,9:28 AM,8:25 PM,after Mincha,,
,2026/06/29,Mon,14 Tammuz,7:45 AM,9:29 AM,8:25 PM,after Mincha,,
,2026/06/30,Tue,15 Tammuz,7:45 AM,9:29 AM,8:25 PM,after Mincha,,
,2026/07/01,Wed,16 Tammuz,7:45 AM,9:29 AM,8:25 PM,after Mincha,,
17 of Tamuz,2026/07/02,Thu,17 Tammuz,7:45 AM,9:29 AM,8:10 PM,after Mincha,,9:05 PM
,2026/07/03,Fri,18 Tammuz,7:45 AM,9:30 AM,6:50 PM,after Kabbalas Shabbos,8:15 PM,
Independence Day,2026/07/04,Sat,19 Tammuz,10:00 AM,9:30 AM,8:00 PM,9:20 PM,,9:19 PM
,2026/07/05,Sun,20 Tammuz,7:45 AM,9:31 AM,8:20 PM,after Mincha,,
Independence Day (observed),2026/07/06,Mon,21 Tammuz,7:45 AM,9:31 AM,8:20 PM,after Mincha,,
,2026/07/07,Tue,22 Tammuz,7:45 AM,9:31 AM,8:20 PM,after Mincha,,
,2026/07/08,Wed,23 Tammuz,7:45 AM,9:32 AM,8:20 PM,after Mincha,,
,2026/07/09,Thu,24 Tammuz,7:45 AM,9:32 AM,8:20 PM,after Mincha,,
,2026/07/10,Fri,25 Tammuz,7:45 AM,9:32 AM,6:50 PM,after Kabbalas Shabbos,8:13 PM,
,2026/07/11,Sat,26 Tammuz,10:00 AM,9:33 AM,8:00 PM,9:15 PM,,9:17 PM
,2026/07/12,Sun,27 Tammuz,7:45 AM,9:33 AM,8:20 PM,after Mincha,,
,2026/07/13,Mon,28 Tammuz,7:45 AM,9:34 AM,8:20 PM,after Mincha,,
,2026/07/14,Tue,29 Tammuz,7:45 AM,9:34 AM,8:20 PM,after Mincha,,
,2026/07/15,Wed,1 Av,7:45 AM,9:34 AM,8:20 PM,after Mincha,,
,2026/07/16,Thu,2 Av,7:45 AM,9:35 AM,8:20 PM,after Mincha,,
,2026/07/17,Fri,3 Av,7:45 AM,9:35 AM,6:50 PM,after Kabbalas Shabbos,8:10 PM,
,2026/07/18,Sat,4 Av,10:00 AM,9:36 AM,7:55 PM,9:10 PM,,9:12 PM
,2026/07/19,Sun,5 Av,7:45 AM,9:36 AM,8:15 PM,after Mincha,,
,2026/07/20,Mon,6 Av,7:45 AM,9:36 AM,8:15 PM,after Mincha,,
,2026/07/21,Tue,7 Av,7:45 AM,9:37 AM,8:15 PM,after Mincha,,
,2026/07/22,Wed,8 Av,7:45 AM,9:37 AM,8:15 PM,after Mincha,,
9 of Av,2026/07/23,Thu,9 Av,7:45 AM,9:38 AM,7:30 PM,after Mincha,,8:54 PM
,2026/07/24,Fri,10 Av,7:45 AM,9:38 AM,6:45 PM,after Kabbalas Shabbos,8:05 PM,
,2026/07/25,Sat,11 Av,10:00 AM,9:38 AM,7:50 PM,9:05 PM,,9:07 PM
,2026/07/26,Sun,12 Av,7:45 AM,9:39 AM,8:10 PM,after Mincha,,
,2026/07/27,Mon,13 Av,7:45 AM,9:39 AM,8:10 PM,after Mincha,,
,2026/07/28,Tue,14 Av,7:45 AM,9:40 AM,8:10 PM,after Mincha,,
,2026/07/29,Wed,15 Av,7:45 AM,9:40 AM,8:10 PM,after Mincha,,
,2026/07/30,Thu,16 Av,7:45 AM,9:40 AM,8:10 PM,after Mincha,,
,2026/07/31,Fri,17 Av,7:45 AM,9:41 AM,6:40 PM,after Kabbalas Shabbos,7:59 PM,
,2026/08/01,Sat,18 Av,10:00 AM,9:41 AM,7:45 PM,9:00 PM,,8:59 PM
,2026/08/02,Sun,19 Av,7:45 AM,9:42 AM,8:00 PM,after Mincha,,
,2026/08/03,Mon,20 Av,7:45 AM,9:42 AM,8:00 PM,after Mincha,,
,2026/08/04,Tue,21 Av,7:45 AM,9:42 AM,8:00 PM,after Mincha,,
,2026/08/05,Wed,22 Av,7:45 AM,9:43 AM,8:00 PM,after Mincha,,
,2026/08/06,Thu,23 Av,7:45 AM,9:43 AM,8:00 PM,after Mincha,,
,2026/08/07,Fri,24 Av,7:45 AM,9:43 AM,6:35 PM,after Kabbalas Shabbos,7:52 PM,
,2026/08/08,Sat,25 Av,10:00 AM,9:44 AM,7:35 PM,8:50 PM,,8:51 PM
,2026/08/09,Sun,26 Av,7:45 AM,9:44 AM,7:55 PM,after Mincha,,
,2026/08/10,Mon,27 Av,7:45 AM,9:44 AM,7:55 PM,after Mincha,,
,2026/08/11,Tue,28 Av,7:45 AM,9:45 AM,7:55 PM,after Mincha,,
,2026/08/12,Wed,29 Av,7:45 AM,9:45 AM,7:55 PM,after Mincha,,
,2026/08/13,Thu,30 Av,7:45 AM,9:46 AM,7:55 PM,after Mincha,,
,2026/08/14,Fri,1 Elul,7:45 AM,9:46 AM,6:25 PM,after Kabbalas Shabbos,7:44 PM,
,2026/08/15,Sat,2 Elul,10:00 AM,9:46 AM,7:30 PM,8:40 PM,,8:42 PM
,2026/08/16,Sun,3 Elul,7:45 AM,9:46 AM,7:45 PM,after Mincha,,
,2026/08/17,Mon,4 Elul,7:45 AM,9:47 AM,7:45 PM,after Mincha,,
,2026/08/18,Tue,5 Elul,7:45 AM,9:47 AM,7:45 PM,after Mincha,,
,2026/08/19,Wed,6 Elul,7:45 AM,9:47 AM,7:45 PM,after Mincha,,
,2026/08/20,Thu,7 Elul,7:45 AM,9:48 AM,7:45 PM,after Mincha,,
,2026/08/21,Fri,8 Elul,7:45 AM,9:48 AM,6:20 PM,after Kabbalas Shabbos,7:35 PM,
,2026/08/22,Sat,9 Elul,10:00 AM,9:48 AM,7:20 PM,8:30 PM,,8:32 PM
,2026/08/23,Sun,10 Elul,7:45 AM,9:49 AM,7:35 PM,after Mincha,,
,2026/08/24,Mon,11 Elul,7:45 AM,9:49 AM,7:35 PM,after Mincha,,
,2026/08/25,Tue,12 Elul,7:45 AM,9:49 AM,7:35 PM,after Mincha,,
,2026/08/26,Wed,13 Elul,7:45 AM,9:50 AM,7:35 PM,after Mincha,,
,2026/08/27,Thu,14 Elul,7:45 AM,9:50 AM,7:35 PM,after Mincha,,
,2026/08/28,Fri,15 Elul,7:45 AM,9:50 AM,6:10 PM,after Kabbalas Shabbos,7:25 PM,
,2026/08/29,Sat,16 Elul,10:00 AM,9:50 AM,7:10 PM,8:20 PM,,8:21 PM
,2026/08/30,Sun,17 Elul,7:45 AM,9:51 AM,7:25 PM,after Mincha,,
,2026/08/31,Mon,18 Elul,7:45 AM,9:51 AM,7:25 PM,after Mincha,,
,2026/09/01,Tue,19 Elul,7:45 AM,9:51 AM,7:25 PM,after Mincha,,
,2026/09/02,Wed,20 Elul,7:45 AM,9:51 AM,7:25 PM,after Mincha,,
,2026/09/03,Thu,21 Elul,7:45 AM,9:52 AM,7:25 PM,after Mincha,,
,2026/09/04,Fri,22 Elul,7:45 AM,9:52 AM,7:25 PM,after Kabbalas Shabbos,7:15 PM,
,2026/09/05,Sat,23 Elul,10:00 AM,9:52 AM,7:00 PM,8:10 PM,,8:11 PM
,2026/09/06,Sun,24 Elul,7:45 AM,9:52 AM,7:15 PM,after Mincha,,
Labor Day,2026/09/07,Mon,25 Elul,7:45 AM,9:53 AM,7:15 PM,after Mincha,,
,2026/09/08,Tue,26 Elul,7:45 AM,9:53 AM,7:15 PM,after Mincha,,
,2026/09/09,Wed,27 Elul,7:45 AM,9:53 AM,7:15 PM,after Mincha,,
,2026/09/10,Thu,28 Elul,7:45 AM,9:53 AM,7:15 PM,after Mincha,,
,2026/09/11,Fri,29 Elul,7:45 AM,9:54 AM,7:15 PM,after Kabbalas Shabbos,7:04 PM,
Rosh Hashana,2026/09/12,Sat,1 Tishrei,9:00 AM,9:54 AM,6:50 PM,after Mincha,after  8:00 PM,
Rosh Hashana,2026/09/13,Sun,2 Tishrei,9:00 AM,9:54 AM,7:00 PM,after Mincha,,7:58 PM
Tzom Gedalia,2026/09/14,Mon,3 Tishrei,7:45 AM,9:54 AM,6:45 PM,after Mincha,,7:44 PM
,2026/09/15,Tue,4 Tishrei,7:45 AM,9:55 AM,7:00 PM,after Mincha,,
,2026/09/16,Wed,5 Tishrei,7:45 AM,9:55 AM,7:00 PM,after Mincha,,
,2026/09/17,Thu,6 Tishrei,7:45 AM,9:55 AM,7:00 PM,after Mincha,,
,2026/09/18,Fri,7 Tishrei,7:45 AM,9:55 AM,7:00 PM,after Kabbalas Shabbos,6:53 PM,
,2026/09/19,Sat,8 Tishrei,10:00 AM,9:56 AM,6:40 PM,7:50 PM,,7:48 PM
,2026/09/20,Sun,9 Tishrei,7:45 AM,9:56 AM,3:00 PM,after Mincha,6:50 PM,
Yom Kippur,2026/09/21,Mon,10 Tishrei,9:00 AM,9:56 AM,after the break,after Mincha,,7:45 PM
,2026/09/22,Tue,11 Tishrei,7:45 AM,9:56 AM,6:50 PM,after Mincha,,
,2026/09/23,Wed,12 Tishrei,7:45 AM,9:56 AM,6:50 PM,after Mincha,,
,2026/09/24,Thu,13 Tishrei,7:45 AM,9:57 AM,6:50 PM,after Mincha,,
,2026/09/25,Fri,14 Tishrei,7:45 AM,9:57 AM,6:50 PM,after Kabbalas Shabbos,6:42 PM,
Succos,2026/09/26,Sat,15 Tishrei,10:00 AM,9:57 AM,6:25 PM,after Mincha,after  7:38 PM,
Succos,2026/09/27,Sun,16 Tishrei,10:00 AM,9:57 AM,6:40 PM,after Mincha,,7:36 PM
Chol Hamoed Succos,2026/09/28,Mon,17 Tishrei,7:45 AM,9:58 AM,6:40 PM,after Mincha,,
Chol Hamoed Succos,2026/09/29,Tue,18 Tishrei,7:45 AM,9:58 AM,6:40 PM,after Mincha,,
Chol Hamoed Succos,2026/09/30,Wed,19 Tishrei,7:45 AM,9:58 AM,6:40 PM,after Mincha,,
Chol Hamoed Succos,2026/10/01,Thu,20 Tishrei,7:45 AM,9:59 AM,6:40 PM,after Mincha,,
Chol Hamoed Succos,2026/10/02,Fri,21 Tishrei,7:45 AM,9:59 AM,6:40 PM,after Kabbalas Shabbos,6:32 PM,
Shmini Atzeres,2026/10/03,Sat,22 Tishrei,10:00 AM,9:59 AM,6:15 PM,after Mincha,after  7:27 PM,
Simchas Torah,2026/10/04,Sun,23 Tishrei,10:00 AM,9:59 AM,6:30 PM,after Mincha,,7:25 PM
,2026/10/05,Mon,24 Tishrei,7:45 AM,10:00 AM,6:30 PM,after Mincha,,
,2026/10/06,Tue,25 Tishrei,7:45 AM,10:00 AM,6:30 PM,after Mincha,,
,2026/10/07,Wed,26 Tishrei,7:45 AM,10:00 AM,6:30 PM,after Mincha,,
,2026/10/08,Thu,27 Tishrei,7:45 AM,10:01 AM,6:30 PM,after Mincha,,
,2026/10/09,Fri,28 Tishrei,7:45 AM,10:01 AM,6:30 PM,after Kabbalas Shabbos,6:21 PM,
,2026/10/10,Sat,29 Tishrei,10:00 AM,10:01 AM,6:05 PM,7:15 PM,,7:17 PM
,2026/10/11,Sun,30 Tishrei,7:45 AM,10:02 AM,6:20 PM,after Mincha,,
,2026/10/12,Mon,1 Cheshvan,7:45 AM,10:02 AM,6:20 PM,after Mincha,,
,2026/10/13,Tue,2 Cheshvan,7:45 AM,10:02 AM,6:20 PM,after Mincha,,
,2026/10/14,Wed,3 Cheshvan,7:45 AM,10:03 AM,6:20 PM,after Mincha,,
,2026/10/15,Thu,4 Cheshvan,7:45 AM,10:03 AM,6:20 PM,after Mincha,,
,2026/10/16,Fri,5 Cheshvan,7:45 AM,10:03 AM,6:20 PM,after Kabbalas Shabbos,6:12 PM,
,2026/10/17,Sat,6 Cheshvan,10:00 AM,10:04 AM,5:55 PM,7:05 PM,,7:07 PM
,2026/10/18,Sun,7 Cheshvan,7:45 AM,10:04 AM,6:10 PM,after Mincha,,
,2026/10/19,Mon,8 Cheshvan,7:45 AM,10:04 AM,6:10 PM,after Mincha,,
,2026/10/20,Tue,9 Cheshvan,7:45 AM,10:05 AM,6:10 PM,after Mincha,,
,2026/10/21,Wed,10 Cheshvan,7:45 AM,10:05 AM,6:10 PM,after Mincha,,
,2026/10/22,Thu,11 Cheshvan,7:45 AM,10:06 AM,6:10 PM,after Mincha,,
,2026/10/23,Fri,12 Cheshvan,7:45 AM,10:06 AM,6:10 PM,after Kabbalas Shabbos,6:03 PM,
,2026/10/24,Sat,13 Cheshvan,10:00 AM,10:06 AM,5:50 PM,7:00 PM,,6:59 PM
,2026/10/25,Sun,14 Cheshvan,7:45 AM,10:07 AM,6:05 PM,after Mincha,,
,2026/10/26,Mon,15 Cheshvan,7:45 AM,10:07 AM,6:05 PM,after Mincha,,
,2026/10/27,Tue,16 Cheshvan,7:45 AM,10:08 AM,6:05 PM,after Mincha,,
,2026/10/28,Wed,17 Cheshvan,7:45 AM,10:08 AM,6:05 PM,after Mincha,,
,2026/10/29,Thu,18 Cheshvan,7:45 AM,10:09 AM,6:05 PM,after Mincha,,
,2026/10/30,Fri,19 Cheshvan,7:45 AM,10:09 AM,6:05 PM,after Kabbalas Shabbos,5:54 PM,
,2026/10/31,Sat,20 Cheshvan,10:00 AM,10:10 AM,5:40 PM,6:50 PM,,6:51 PM
,2026/11/01,Sun,21 Cheshvan,7:45 AM,9:10 AM,4:55 PM,after Mincha,,
,2026/11/02,Mon,22 Cheshvan,7:45 AM,9:11 AM,,8:00 PM,,
,2026/11/03,Tue,23 Cheshvan,7:45 AM,9:11 AM,,8:00 PM,,
,2026/11/04,Wed,24 Cheshvan,7:45 AM,9:12 AM,,8:00 PM,,
,2026/11/05,Thu,25 Cheshvan,7:45 AM,9:12 AM,,8:00 PM,,
,2026/11/06,Fri,26 Cheshvan,7:45 AM,9:13 AM,4:55 PM,after Kabbalas Shabbos,4:47 PM,
,2026/11/07,Sat,27 Cheshvan,10:00 AM,9:13 AM,4:30 PM,5:45 PM,,5:45 PM
,2026/11/08,Sun,28 Cheshvan,7:45 AM,9:14 AM,4:50 PM,after Mincha,,
,2026/11/09,Mon,29 Cheshvan,7:45 AM,9:14 AM,,8:00 PM,,
,2026/11/10,Tue,30 Cheshvan,7:45 AM,9:15 AM,,8:00 PM,,
,2026/11/11,Wed,1 Kislev,7:45 AM,9:16 AM,,8:00 PM,,
,2026/11/12,Thu,2 Kislev,7:45 AM,9:16 AM,,8:00 PM,,
,2026/11/13,Fri,3 Kislev,7:45 AM,9:17 AM,4:50 PM,after Kabbalas Shabbos,4:41 PM,
,2026/11/14,Sat,4 Kislev,10:00 AM,9:17 AM,4:25 PM,5:40 PM,,5:39 PM
,2026/11/15,Sun,5 Kislev,7:45 AM,9:18 AM,4:45 PM,after Mincha,,
,2026/11/16,Mon,6 Kislev,7:45 AM,9:19 AM,,8:00 PM,,
,2026/11/17,Tue,7 Kislev,7:45 AM,9:19 AM,,8:00 PM,,
,2026/11/18,Wed,8 Kislev,7:45 AM,9:20 AM,,8:00 PM,,
,2026/11/19,Thu,9 Kislev,7:45 AM,9:20 AM,,8:00 PM,,
,2026/11/20,Fri,10 Kislev,7:45 AM,9:21 AM,4:45 PM,after Kabbalas Shabbos,4:37 PM,
,2026/11/21,Sat,11 Kislev,10:00 AM,9:22 AM,4:20 PM,5:35 PM,,5:36 PM
,2026/11/22,Sun,12 Kislev,7:45 AM,9:22 AM,4:45 PM,after Mincha,,
,2026/11/23,Mon,13 Kislev,7:45 AM,9:23 AM,,8:00 PM,,
,2026/11/24,Tue,14 Kislev,7:45 AM,9:24 AM,,8:00 PM,,
,2026/11/25,Wed,15 Kislev,7:45 AM,9:24 AM,,8:00 PM,,
Thanksgiving Day,2026/11/26,Thu,16 Kislev,7:45 AM,9:25 AM,4:45 PM,after Mincha,,
Black Friday,2026/11/27,Fri,17 Kislev,7:45 AM,9:26 AM,4:45 PM,after Kabbalas Shabbos,4:34 PM,
,2026/11/28,Sat,18 Kislev,10:00 AM,9:26 AM,4:20 PM,5:35 PM,,5:33 PM
,2026/11/29,Sun,19 Kislev,7:45 AM,9:27 AM,4:40 PM,after Mincha,,
,2026/11/30,Mon,20 Kislev,7:45 AM,9:28 AM,,8:00 PM,,
,2026/12/01,Tue,21 Kislev,7:45 AM,9:28 AM,,8:00 PM,,
,2026/12/02,Wed,22 Kislev,7:45 AM,9:29 AM,,8:00 PM,,
,2026/12/03,Thu,23 Kislev,7:45 AM,9:30 AM,,8:00 PM,,
,2026/12/04,Fri,24 Kislev,7:45 AM,9:30 AM,4:40 PM,after Kabbalas Shabbos,4:32 PM,
,2026/12/05,Sat,25 Kislev,10:00 AM,9:31 AM,4:15 PM,5:35 PM,,5:33 PM
,2026/12/06,Sun,26 Kislev,7:45 AM,9:32 AM,4:40 PM,after Mincha,,
,2026/12/07,Mon,27 Kislev,7:45 AM,9:32 AM,,8:00 PM,,
,2026/12/08,Tue,28 Kislev,7:45 AM,9:33 AM,,8:00 PM,,
,2026/12/09,Wed,29 Kislev,7:45 AM,9:34 AM,,8:00 PM,,
,2026/12/10,Thu,30 Kislev,7:45 AM,9:34 AM,,8:00 PM,,
,2026/12/11,Fri,1 Teves,7:45 AM,9:35 AM,4:40 PM,after Kabbalas Shabbos,4:33 PM,
,2026/12/12,Sat,2 Teves,10:00 AM,9:35 AM,4:20 PM,5:35 PM,,5:34 PM
,2026/12/13,Sun,3 Teves,7:45 AM,9:36 AM,4:45 PM,after Mincha,,
,2026/12/14,Mon,4 Teves,7:45 AM,9:37 AM,,8:00 PM,,
,2026/12/15,Tue,5 Teves,7:45 AM,9:37 AM,,8:00 PM,,
,2026/12/16,Wed,6 Teves,7:45 AM,9:38 AM,,8:00 PM,,
,2026/12/17,Thu,7 Teves,7:45 AM,9:38 AM,,8:00 PM,,
,2026/12/18,Fri,8 Teves,7:45 AM,9:39 AM,4:45 PM,after Kabbalas Shabbos,4:35 PM,
,2026/12/19,Sat,9 Teves,10:00 AM,9:39 AM,4:20 PM,5:35 PM,,5:36 PM
10 of Teves,2026/12/20,Sun,10 Teves,7:45 AM,9:40 AM,4:30 PM,after Mincha,,5:23 PM
,2026/12/21,Mon,11 Teves,7:45 AM,9:40 AM,,8:00 PM,,
,2026/12/22,Tue,12 Teves,7:45 AM,9:41 AM,,8:00 PM,,
,2026/12/23,Wed,13 Teves,7:45 AM,9:41 AM,,8:00 PM,,
,2026/12/24,Thu,14 Teves,7:45 AM,9:42 AM,,8:00 PM,,
Nittel,2026/12/25,Fri,15 Teves,7:45 AM,9:42 AM,4:45 PM,after Kabbalas Shabbos,4:38 PM,
,2026/12/26,Sat,16 Teves,10:00 AM,9:43 AM,4:25 PM,5:40 PM,,5:40 PM
,2026/12/27,Sun,17 Teves,7:45 AM,9:43 AM,4:50 PM,after Mincha,,
,2026/12/28,Mon,18 Teves,7:45 AM,9:44 AM,,8:00 PM,,
,2026/12/29,Tue,19 Teves,7:45 AM,9:44 AM,,8:00 PM,,
,2026/12/30,Wed,20 Teves,7:45 AM,9:44 AM,,8:00 PM,,
,2026/12/31,Thu,21 Teves,7:45 AM,9:45 AM,,8:00 PM,,
